N° de Local,Nombre,Apertura,Cierre,Día Semana 1,Fecha 1,Día
NP-2,XIC-XOC,11:49,07:58,DOMINGO,2024-09-01,Domingo
NP-2,XIC-XOC,09:48,08:59,LUNES,2024-09-02,Lunes
NP-2,XIC-XOC,09:03,09:03,MARTES,2024-09-03,Martes
NP-2,XIC-XOC,09:16,09:00,MIÉRCOLES,2024-09-04,Miércoles
NP-2,XIC-XOC,08:43,09:01,JUEVES,2024-09-05,Jueves
NP-2,XIC-XOC,09:37,09:00,VIERNES,2024-09-06,Viernes
NP-2,XIC-XOC,09:27,08:59,SÁBADO,2024-09-07,Sábado
NP-2,XIC-XOC,11:52,08:09,DOMINGO,2024-09-08,Domingo
NP-2,XIC-XOC,09:40,09:08,LUNES,2024-09-09,Lunes
NP-2,XIC-XOC,09:52,09:03,MARTES,2024-09-10,Martes
NP-2,XIC-XOC,09:37,09:01,MIÉRCOLES,2024-09-11,Miércoles
NP-2,XIC-XOC,09:46,09:04,JUEVES,2024-09-12,Jueves
NP-2,XIC-XOC,09:55,09:02,SÁBADO,2024-09-14,Sábado
NP-2,XIC-XOC,09:31,08:59,DOMINGO,2024-09-15,Domingo
NP-2,XIC-XOC,09:40,08:58,LUNES,2024-09-16,Lunes
NP-2,XIC-XOC,09:47,09:04,MARTES,2024-09-17,Martes
NP-2,XIC-XOC,09:50,09:05,MIÉRCOLES,2024-09-18,Miércoles
NP-2,XIC-XOC,09:24,08:59,JUEVES,2024-09-19,Jueves
NP-2,XIC-XOC,09:57,09:02,VIERNES,2024-09-20,Viernes
NP-2,XIC-XOC,09:09,09:01,SÁBADO,2024-09-21,Sábado
NP-2,XIC-XOC,12:12,07:57,DOMINGO,2024-09-22,Domingo
NP-2,XIC-XOC,08:57,09:01,LUNES,2024-09-23,Lunes
NP-2,XIC-XOC,09:04,09:00,MARTES,2024-09-24,Martes
NP-2,XIC-XOC,09:02,09:02,MIÉRCOLES,2024-09-25,Miércoles
NP-2,XIC-XOC,09:07,09:01,JUEVES,2024-09-26,Jueves
NP-2,XIC-XOC,09:25,09:02,VIERNES,2024-09-27,Viernes
NP-2,XIC-XOC,09:15,08:57,SÁBADO,2024-09-28,Sábado
NP-2,XIC-XOC,11:54,08:03,DOMINGO,2024-09-29,Domingo
NP-2,XIC-XOC,09:33,09:02,LUNES,2024-09-30,Lunes
NP-3,PAVITA'S,11:22,08:00,DOMINGO,2024-09-01,Domingo
NP-3,PAVITA'S,09:48,09:05,LUNES,2024-09-02,Lunes
NP-3,PAVITA'S,09:55,09:04,MARTES,2024-09-03,Martes
NP-3,PAVITA'S,09:40,09:00,MIÉRCOLES,2024-09-04,Miércoles
NP-3,PAVITA'S,10:08,09:06,JUEVES,2024-09-05,Jueves
NP-3,PAVITA'S,09:43,09:00,VIERNES,2024-09-06,Viernes
NP-3,PAVITA'S,09:45,09:00,SÁBADO,2024-09-07,Sábado
NP-3,PAVITA'S,11:34,08:04,DOMINGO,2024-09-08,Domingo
NP-3,PAVITA'S,09:47,09:04,LUNES,2024-09-09,Lunes
NP-3,PAVITA'S,09:52,08:59,MARTES,2024-09-10,Martes
NP-3,PAVITA'S,09:53,09:15,MIÉRCOLES,2024-09-11,Miércoles
NP-3,PAVITA'S,99:58,09:04,JUEVES,2024-09-12,Jueves
NP-3,PAVITA'S,09:38,09:03,SÁBADO,2024-09-14,Sábado
NP-3,PAVITA'S,09:49,09:02,DOMINGO,2024-09-15,Domingo
NP-3,PAVITA'S,09:49,09:01,LUNES,2024-09-16,Lunes
NP-3,PAVITA'S,09:53,09:03,MARTES,2024-09-17,Martes
NP-3,PAVITA'S,09:51,09:05,MIÉRCOLES,2024-09-18,Miércoles
NP-3,PAVITA'S,09:58,09:00,JUEVES,2024-09-19,Jueves
NP-3,PAVITA'S,09:48,09:03,VIERNES,2024-09-20,Viernes
NP-3,PAVITA'S,09:49,09:01,SÁBADO,2024-09-21,Sábado
NP-3,PAVITA'S,11:42,08:02,DOMINGO,2024-09-22,Domingo
NP-3,PAVITA'S,09:57,09:03,LUNES,2024-09-23,Lunes
NP-3,PAVITA'S,09:58,09:00,MARTES,2024-09-24,Martes
NP-3,PAVITA'S,09:54,09:00,MIÉRCOLES,2024-09-25,Miércoles
NP-3,PAVITA'S,09:58,09:03,JUEVES,2024-09-26,Jueves
NP-3,PAVITA'S,10:07,09:03,VIERNES,2024-09-27,Viernes
NP-3,PAVITA'S,09:58,08:59,SÁBADO,2024-09-28,Sábado
NP-3,PAVITA'S,11:52,08:05,DOMINGO,2024-09-29,Domingo
NP-3,PAVITA'S,09:43,09:02,LUNES,2024-09-30,Lunes
NP-4,OPTICOLOR ,11:57,08:20,DOMINGO,2024-09-01,Domingo
NP-4,OPTICOLOR ,09:34,09:17,LUNES,2024-09-02,Lunes
NP-4,OPTICOLOR ,09:40,09:34,MARTES,2024-09-03,Martes
NP-4,OPTICOLOR ,09:44,09:06,MIÉRCOLES,2024-09-04,Miércoles
NP-4,OPTICOLOR ,10:03,09:18,JUEVES,2024-09-05,Jueves
NP-4,OPTICOLOR ,09:49,09:09,VIERNES,2024-09-06,Viernes
NP-4,OPTICOLOR ,09:49,09:01,SÁBADO,2024-09-07,Sábado
NP-4,OPTICOLOR ,11:59,08:16,DOMINGO,2024-09-08,Domingo
NP-4,OPTICOLOR ,09:46,09:10,LUNES,2024-09-09,Lunes
NP-4,OPTICOLOR ,09:49,09:07,MARTES,2024-09-10,Martes
NP-4,OPTICOLOR ,09:59,09:15,MIÉRCOLES,2024-09-11,Miércoles
NP-4,OPTICOLOR ,09:54,09:07,JUEVES,2024-09-12,Jueves
NP-4,OPTICOLOR ,09:52,09:04,SÁBADO,2024-09-14,Sábado
NP-4,OPTICOLOR ,09:35,09:53,DOMINGO,2024-09-15,Domingo
NP-4,OPTICOLOR ,09:39,09:19,LUNES,2024-09-16,Lunes
NP-4,OPTICOLOR ,10:05,09:15,MARTES,2024-09-17,Martes
NP-4,OPTICOLOR ,09:36,09:11,MIÉRCOLES,2024-09-18,Miércoles
NP-4,OPTICOLOR ,09:58,09:45,JUEVES,2024-09-19,Jueves
NP-4,OPTICOLOR ,09:27,09:25,VIERNES,2024-09-20,Viernes
NP-4,OPTICOLOR ,09:28,09:02,SÁBADO,2024-09-21,Sábado
NP-4,OPTICOLOR ,11:05,08:23,DOMINGO,2024-09-22,Domingo
NP-4,OPTICOLOR ,09:53,09:21,LUNES,2024-09-23,Lunes
NP-4,OPTICOLOR ,10:00,09:27,MARTES,2024-09-24,Martes
NP-4,OPTICOLOR ,09:49,09:29,MIÉRCOLES,2024-09-25,Miércoles
NP-4,OPTICOLOR ,10:03,09:09,JUEVES,2024-09-26,Jueves
NP-4,OPTICOLOR ,09:52,09:11,VIERNES,2024-09-27,Viernes
NP-4,OPTICOLOR ,09:44,09:12,SÁBADO,2024-09-28,Sábado
NP-4,OPTICOLOR ,11:30,08:00,DOMINGO,2024-09-29,Domingo
NP-4,OPTICOLOR ,09:30,09:10,LUNES,2024-09-30,Lunes
NP-5,FRANCIAS BOUTIQUE,11:58,08:04,DOMINGO,2024-09-01,Domingo
NP-5,FRANCIAS BOUTIQUE,08:59,09:06,LUNES,2024-09-02,Lunes
NP-5,FRANCIAS BOUTIQUE,09:18,09:14,MARTES,2024-09-03,Martes
NP-5,FRANCIAS BOUTIQUE,09:18,09:02,MIÉRCOLES,2024-09-04,Miércoles
NP-5,FRANCIAS BOUTIQUE,09:20,09:05,JUEVES,2024-09-05,Jueves
NP-5,FRANCIAS BOUTIQUE,09:20,09:09,VIERNES,2024-09-06,Viernes
NP-5,FRANCIAS BOUTIQUE,09:15,09:03,SÁBADO,2024-09-07,Sábado
NP-5,FRANCIAS BOUTIQUE,11:18,08:08,DOMINGO,2024-09-08,Domingo
NP-5,FRANCIAS BOUTIQUE,09:25,09:02,LUNES,2024-09-09,Lunes
NP-5,FRANCIAS BOUTIQUE,09:42,09:25,MARTES,2024-09-10,Martes
NP-5,FRANCIAS BOUTIQUE,09:36,09:09,MIÉRCOLES,2024-09-11,Miércoles
NP-5,FRANCIAS BOUTIQUE,09:35,09:06,JUEVES,2024-09-12,Jueves
NP-5,FRANCIAS BOUTIQUE,09:27,09:06,SÁBADO,2024-09-14,Sábado
NP-5,FRANCIAS BOUTIQUE,09:46,09:02,DOMINGO,2024-09-15,Domingo
NP-5,FRANCIAS BOUTIQUE,09:34,09:13,LUNES,2024-09-16,Lunes
NP-5,FRANCIAS BOUTIQUE,09:35,09:05,MARTES,2024-09-17,Martes
NP-5,FRANCIAS BOUTIQUE,09:32,09:04,MIÉRCOLES,2024-09-18,Miércoles
NP-5,FRANCIAS BOUTIQUE,09:20,09:07,JUEVES,2024-09-19,Jueves
NP-5,FRANCIAS BOUTIQUE,09:26,09:19,VIERNES,2024-09-20,Viernes
NP-5,FRANCIAS BOUTIQUE,08:57,09:06,SÁBADO,2024-09-21,Sábado
NP-5,FRANCIAS BOUTIQUE,11:05,08:03,DOMINGO,2024-09-22,Domingo
NP-5,FRANCIAS BOUTIQUE,09:22,09:04,LUNES,2024-09-23,Lunes
NP-5,FRANCIAS BOUTIQUE,09:57,09:10,MARTES,2024-09-24,Martes
NP-5,FRANCIAS BOUTIQUE,09:35,09:06,MIÉRCOLES,2024-09-25,Miércoles
NP-5,FRANCIAS BOUTIQUE,09:56,09:08,JUEVES,2024-09-26,Jueves
NP-5,FRANCIAS BOUTIQUE,08:58,09:19,VIERNES,2024-09-27,Viernes
NP-5,FRANCIAS BOUTIQUE,09:33,09:04,SÁBADO,2024-09-28,Sábado
NP-5,FRANCIAS BOUTIQUE,11:54,08:04,DOMINGO,2024-09-29,Domingo
NP-5,FRANCIAS BOUTIQUE,09:50,09:00,LUNES,2024-09-30,Lunes
NP-6 / NP-7,XC2 BLUE,11:46,08:02,DOMINGO,2024-09-01,Domingo
NP-6 / NP-7,XC2 BLUE,09:00,09:15,LUNES,2024-09-02,Lunes
NP-6 / NP-7,XC2 BLUE,09:00,09:14,MARTES,2024-09-03,Martes
NP-6 / NP-7,XC2 BLUE,08:58,09:11,MIÉRCOLES,2024-09-04,Miércoles
NP-6 / NP-7,XC2 BLUE,08:20,09:12,JUEVES,2024-09-05,Jueves
NP-6 / NP-7,XC2 BLUE,08:17,09:09,VIERNES,2024-09-06,Viernes
NP-6 / NP-7,XC2 BLUE,08:54,09:03,SÁBADO,2024-09-07,Sábado
NP-6 / NP-7,XC2 BLUE,12:02,08:15,DOMINGO,2024-09-08,Domingo
NP-6 / NP-7,XC2 BLUE,09:35,09:11,LUNES,2024-09-09,Lunes
NP-6 / NP-7,XC2 BLUE,07:59,09:01,MARTES,2024-09-10,Martes
NP-6 / NP-7,XC2 BLUE,08:06,09:05,MIÉRCOLES,2024-09-11,Miércoles
NP-6 / NP-7,XC2 BLUE,07:50,09:06,JUEVES,2024-09-12,Jueves
NP-6 / NP-7,XC2 BLUE,08:02,09:10,SÁBADO,2024-09-14,Sábado
NP-6 / NP-7,XC2 BLUE,07:58,09:00,DOMINGO,2024-09-15,Domingo
NP-6 / NP-7,XC2 BLUE,08:51,09:23,LUNES,2024-09-16,Lunes
NP-6 / NP-7,XC2 BLUE,08:41,09:15,MARTES,2024-09-17,Martes
NP-6 / NP-7,XC2 BLUE,07:55,09:10,MIÉRCOLES,2024-09-18,Miércoles
NP-6 / NP-7,XC2 BLUE,07:52,09:02,JUEVES,2024-09-19,Jueves
NP-6 / NP-7,XC2 BLUE,07:53,09:12,VIERNES,2024-09-20,Viernes
NP-6 / NP-7,XC2 BLUE,08:14,09:03,SÁBADO,2024-09-21,Sábado
NP-6 / NP-7,XC2 BLUE,12:06,08:10,DOMINGO,2024-09-22,Domingo
NP-6 / NP-7,XC2 BLUE,09:13,09:09,LUNES,2024-09-23,Lunes
NP-6 / NP-7,XC2 BLUE,07:50,09:22,MARTES,2024-09-24,Martes
NP-6 / NP-7,XC2 BLUE,07:59,09:03,MIÉRCOLES,2024-09-25,Miércoles
NP-6 / NP-7,XC2 BLUE,07:50,09:09,JUEVES,2024-09-26,Jueves
NP-6 / NP-7,XC2 BLUE,07:46,09:07,VIERNES,2024-09-27,Viernes
NP-6 / NP-7,XC2 BLUE,07:53,09:17,SÁBADO,2024-09-28,Sábado
NP-6 / NP-7,XC2 BLUE,11:56,08:09,DOMINGO,2024-09-29,Domingo
NP-6 / NP-7,XC2 BLUE,08:51,09:08,LUNES,2024-09-30,Lunes
NP-8,LILI PINK ,12:11,08:33,DOMINGO,2024-09-01,Domingo
NP-8,LILI PINK ,09:49,09:27,LUNES,2024-09-02,Lunes
NP-8,LILI PINK ,09:50,09:15,MARTES,2024-09-03,Martes
NP-8,LILI PINK ,08:55,08:58,MIÉRCOLES,2024-09-04,Miércoles
NP-8,LILI PINK ,09:56,09:08,JUEVES,2024-09-05,Jueves
NP-8,LILI PINK ,09:53,09:06,VIERNES,2024-09-06,Viernes
NP-8,LILI PINK ,09:49,09:15,SÁBADO,2024-09-07,Sábado
NP-8,LILI PINK ,11:54,08:05,DOMINGO,2024-09-08,Domingo
NP-8,LILI PINK ,10:01,09:03,LUNES,2024-09-09,Lunes
NP-8,LILI PINK ,10:27,09:26,MARTES,2024-09-10,Martes
NP-8,LILI PINK ,10:31,10:41,MIÉRCOLES,2024-09-11,Miércoles
NP-8,LILI PINK ,09:56,09:23,JUEVES,2024-09-12,Jueves
NP-8,LILI PINK ,10:08,09:27,SÁBADO,2024-09-14,Sábado
NP-8,LILI PINK ,11:03,09:22,DOMINGO,2024-09-15,Domingo
NP-8,LILI PINK ,08:44,09:18,LUNES,2024-09-16,Lunes
NP-8,LILI PINK ,10:05,09:46,MARTES,2024-09-17,Martes
NP-8,LILI PINK ,08:00,09:08,MIÉRCOLES,2024-09-18,Miércoles
NP-8,LILI PINK ,08:50,08:59,JUEVES,2024-09-19,Jueves
NP-8,LILI PINK ,10:02,09:52,VIERNES,2024-09-20,Viernes
NP-8,LILI PINK ,07:59,09:34,SÁBADO,2024-09-21,Sábado
NP-8,LILI PINK ,11:12,08:00,DOMINGO,2024-09-22,Domingo
NP-8,LILI PINK ,09:58,09:59,LUNES,2024-09-23,Lunes
NP-8,LILI PINK ,09:50,09:40,MARTES,2024-09-24,Martes
NP-8,LILI PINK ,09:58,09:32,MIÉRCOLES,2024-09-25,Miércoles
NP-8,LILI PINK ,09:58,10:00,JUEVES,2024-09-26,Jueves
NP-8,LILI PINK ,09:15,09:35,VIERNES,2024-09-27,Viernes
NP-8,LILI PINK ,10:18,09:06,SÁBADO,2024-09-28,Sábado
NP-8,LILI PINK ,11:55,09:59,DOMINGO,2024-09-29,Domingo
NP-8,LILI PINK ,10:12,09:04,LUNES,2024-09-30,Lunes
NP-9,MULTIMAX,11:15,08:05,DOMINGO,2024-09-01,Domingo
NP-9,MULTIMAX,09:38,09:07,LUNES,2024-09-02,Lunes
NP-9,MULTIMAX,09:44,09:36,MARTES,2024-09-03,Martes
NP-9,MULTIMAX,09:30,09:45,MIÉRCOLES,2024-09-04,Miércoles
NP-9,MULTIMAX,09:36,09:07,JUEVES,2024-09-05,Jueves
NP-9,MULTIMAX,09:40,09:06,VIERNES,2024-09-06,Viernes
NP-9,MULTIMAX,09:28,09:05,SÁBADO,2024-09-07,Sábado
NP-9,MULTIMAX,11:19,08:07,DOMINGO,2024-09-08,Domingo
NP-9,MULTIMAX,09:38,09:06,LUNES,2024-09-09,Lunes
NP-9,MULTIMAX,09:26,09:04,MARTES,2024-09-10,Martes
NP-9,MULTIMAX,09:25,10:10,MIÉRCOLES,2024-09-11,Miércoles
NP-9,MULTIMAX,09:36,09:11,JUEVES,2024-09-12,Jueves
NP-9,MULTIMAX,09:43,09:08,SÁBADO,2024-09-14,Sábado
NP-9,MULTIMAX,09:35,09:25,DOMINGO,2024-09-15,Domingo
NP-9,MULTIMAX,09:32,09:03,LUNES,2024-09-16,Lunes
NP-9,MULTIMAX,09:41,09:07,MARTES,2024-09-17,Martes
NP-9,MULTIMAX,09:29,09:04,MIÉRCOLES,2024-09-18,Miércoles
NP-9,MULTIMAX,09:28,09:07,JUEVES,2024-09-19,Jueves
NP-9,MULTIMAX,09:30,09:16,VIERNES,2024-09-20,Viernes
NP-9,MULTIMAX,09:44,09:09,SÁBADO,2024-09-21,Sábado
NP-9,MULTIMAX,11:28,08:10,DOMINGO,2024-09-22,Domingo
NP-9,MULTIMAX,09:41,09:09,LUNES,2024-09-23,Lunes
NP-9,MULTIMAX,09:35,09:10,MARTES,2024-09-24,Martes
NP-9,MULTIMAX,08:45,09:02,MIÉRCOLES,2024-09-25,Miércoles
NP-9,MULTIMAX,09:40,09:07,JUEVES,2024-09-26,Jueves
NP-9,MULTIMAX,09:50,09:13,VIERNES,2024-09-27,Viernes
NP-9,MULTIMAX,09:10,09:13,SÁBADO,2024-09-28,Sábado
NP-9,MULTIMAX,11:23,20:49,DOMINGO,2024-09-29,Domingo
NP-9,MULTIMAX,09:29,09:09,LUNES,2024-09-30,Lunes
NP-9  A,MR. PRICE,11:01,08:17,DOMINGO,2024-09-01,Domingo
NP-9  A,MR. PRICE,08:50,09:16,LUNES,2024-09-02,Lunes
NP-9  A,MR. PRICE,09:47,09:30,MARTES,2024-09-03,Martes
NP-9  A,MR. PRICE,09:16,10:14,MIÉRCOLES,2024-09-04,Miércoles
NP-9  A,MR. PRICE,10:00,09:25,JUEVES,2024-09-05,Jueves
NP-9  A,MR. PRICE,08:45,09:37,VIERNES,2024-09-06,Viernes
NP-9  A,MR. PRICE,08:53,09:42,SÁBADO,2024-09-07,Sábado
NP-9  A,MR. PRICE,11:43,08:22,DOMINGO,2024-09-08,Domingo
NP-9  A,MR. PRICE,09:39,09:30,LUNES,2024-09-09,Lunes
NP-9  A,MR. PRICE,08:52,09:40,MARTES,2024-09-10,Martes
NP-9  A,MR. PRICE,09:06,09:20,MIÉRCOLES,2024-09-11,Miércoles
NP-9  A,MR. PRICE,08:39,09:25,JUEVES,2024-09-12,Jueves
NP-9  A,MR. PRICE,09:08,09:10,SÁBADO,2024-09-14,Sábado
NP-9  A,MR. PRICE,08:57,09:22,DOMINGO,2024-09-15,Domingo
NP-9  A,MR. PRICE,09:12,09:08,LUNES,2024-09-16,Lunes
NP-9  A,MR. PRICE,09:39,09:46,MARTES,2024-09-17,Martes
NP-9  A,MR. PRICE,09:29,09:15,MIÉRCOLES,2024-09-18,Miércoles
NP-9  A,MR. PRICE,09:35,09:29,JUEVES,2024-09-19,Jueves
NP-9  A,MR. PRICE,09:02,09:25,VIERNES,2024-09-20,Viernes
NP-9  A,MR. PRICE,09:27,09:28,SÁBADO,2024-09-21,Sábado
NP-9  A,MR. PRICE,11:59,08:28,DOMINGO,2024-09-22,Domingo
NP-9  A,MR. PRICE,09:49,09:34,LUNES,2024-09-23,Lunes
NP-9  A,MR. PRICE,08:28,09:26,MARTES,2024-09-24,Martes
NP-9  A,MR. PRICE,08:45,09:13,MIÉRCOLES,2024-09-25,Miércoles
NP-9  A,MR. PRICE,09:16,09:19,JUEVES,2024-09-26,Jueves
NP-9  A,MR. PRICE,08:50,09:33,VIERNES,2024-09-27,Viernes
NP-9  A,MR. PRICE,09:13,09:44,SÁBADO,2024-09-28,Sábado
NP-9  A,MR. PRICE,11:53,08:28,DOMINGO,2024-09-29,Domingo
NP-9  A,MR. PRICE,08:11,09:33,LUNES,2024-09-30,Lunes
NP-10,MOVISTAR,11:55,08:05,DOMINGO,2024-09-01,Domingo
NP-10,MOVISTAR,09:56,09:07,LUNES,2024-09-02,Lunes
NP-10,MOVISTAR,08:53,09:20,MARTES,2024-09-03,Martes
NP-10,MOVISTAR,09:49,09:30,MIÉRCOLES,2024-09-04,Miércoles
NP-10,MOVISTAR,09:35,09:08,JUEVES,2024-09-05,Jueves
NP-10,MOVISTAR,08:50,09:06,VIERNES,2024-09-06,Viernes
NP-10,MOVISTAR,09:43,09:03,SÁBADO,2024-09-07,Sábado
NP-10,MOVISTAR,11:45,08:02,DOMINGO,2024-09-08,Domingo
NP-10,MOVISTAR,09:46,09:03,LUNES,2024-09-09,Lunes
NP-10,MOVISTAR,09:42,08:59,MARTES,2024-09-10,Martes
NP-10,MOVISTAR,09:37,09:03,MIÉRCOLES,2024-09-11,Miércoles
NP-10,MOVISTAR,09:30,09:07,JUEVES,2024-09-12,Jueves
NP-10,MOVISTAR,09:43,09:08,SÁBADO,2024-09-14,Sábado
NP-10,MOVISTAR,09:25,09:05,DOMINGO,2024-09-15,Domingo
NP-10,MOVISTAR,09:54,08:54,LUNES,2024-09-16,Lunes
NP-10,MOVISTAR,09:06,09:06,MARTES,2024-09-17,Martes
NP-10,MOVISTAR,09:51,09:03,MIÉRCOLES,2024-09-18,Miércoles
NP-10,MOVISTAR,09:50,08:56,JUEVES,2024-09-19,Jueves
NP-10,MOVISTAR,09:42,08:57,VIERNES,2024-09-20,Viernes
NP-10,MOVISTAR,09:35,09:00,SÁBADO,2024-09-21,Sábado
NP-10,MOVISTAR,11:27,07:58,DOMINGO,2024-09-22,Domingo
NP-10,MOVISTAR,09:47,08:59,LUNES,2024-09-23,Lunes
NP-10,MOVISTAR,09:30,09:00,MARTES,2024-09-24,Martes
NP-10,MOVISTAR,09:34,08:57,MIÉRCOLES,2024-09-25,Miércoles
NP-10,MOVISTAR,10:07,09:15,JUEVES,2024-09-26,Jueves
NP-10,MOVISTAR,09:50,09:02,VIERNES,2024-09-27,Viernes
NP-10,MOVISTAR,09:56,08:56,SÁBADO,2024-09-28,Sábado
NP-10,MOVISTAR,11:30,07:55,DOMINGO,2024-09-29,Domingo
NP-10,MOVISTAR,09:46,9+BM+P16:BJ16,LUNES,2024-09-30,Lunes
NP-12,RADICAL,10:18,08:12,DOMINGO,2024-09-01,Domingo
NP-12,RADICAL,08:51,09:30,LUNES,2024-09-02,Lunes
NP-12,RADICAL,09:47,09:32,MARTES,2024-09-03,Martes
NP-12,RADICAL,09:02,09:06,MIÉRCOLES,2024-09-04,Miércoles
NP-12,RADICAL,09:41,09:18,JUEVES,2024-09-05,Jueves
NP-12,RADICAL,09:32,09:18,VIERNES,2024-09-06,Viernes
NP-12,RADICAL,09:16,09:16,SÁBADO,2024-09-07,Sábado
NP-12,RADICAL,09:32,08:19,DOMINGO,2024-09-08,Domingo
NP-12,RADICAL,09:30,09:07,LUNES,2024-09-09,Lunes
NP-12,RADICAL,09:19,09:07,MARTES,2024-09-10,Martes
NP-12,RADICAL,09:10,09:12,MIÉRCOLES,2024-09-11,Miércoles
NP-12,RADICAL,09:49,09:07,JUEVES,2024-09-12,Jueves
NP-12,RADICAL,09:19,09:39,SÁBADO,2024-09-14,Sábado
NP-12,RADICAL,09:38,09:28,DOMINGO,2024-09-15,Domingo
NP-12,RADICAL,08:00,09:09,LUNES,2024-09-16,Lunes
NP-12,RADICAL,09:07,09:12,MARTES,2024-09-17,Martes
NP-12,RADICAL,09:05,09:20,MIÉRCOLES,2024-09-18,Miércoles
NP-12,RADICAL,09:35,09:07,JUEVES,2024-09-19,Jueves
NP-12,RADICAL,09:25,09:21,VIERNES,2024-09-20,Viernes
NP-12,RADICAL,08:53,09:31,SÁBADO,2024-09-21,Sábado
NP-12,RADICAL,11:44,08:26,DOMINGO,2024-09-22,Domingo
NP-12,RADICAL,09:40,09:30,LUNES,2024-09-23,Lunes
NP-12,RADICAL,09:45,09:15,MARTES,2024-09-24,Martes
NP-12,RADICAL,09:22,09:17,MIÉRCOLES,2024-09-25,Miércoles
NP-12,RADICAL,09:06,09:09,JUEVES,2024-09-26,Jueves
NP-12,RADICAL,09:34,09:40,VIERNES,2024-09-27,Viernes
NP-12,RADICAL,09:32,09:31,SÁBADO,2024-09-28,Sábado
NP-12,RADICAL,08:47,08:26,DOMINGO,2024-09-29,Domingo
NP-12,RADICAL,08:48,09:29,LUNES,2024-09-30,Lunes
MER-01,GRUPO DUNOVO,11:57,08:00,DOMINGO,2024-09-01,Domingo
MER-01,GRUPO DUNOVO,10:15,09:03,LUNES,2024-09-02,Lunes
MER-01,GRUPO DUNOVO,09:33,09:03,MARTES,2024-09-03,Martes
MER-01,GRUPO DUNOVO,09:40,09:03,MIÉRCOLES,2024-09-04,Miércoles
MER-01,GRUPO DUNOVO,09:36,09:03,JUEVES,2024-09-05,Jueves
MER-01,GRUPO DUNOVO,09:59,09:00,VIERNES,2024-09-06,Viernes
MER-01,GRUPO DUNOVO,10:04,08:59,SÁBADO,2024-09-07,Sábado
MER-01,GRUPO DUNOVO,12:00,08:03,DOMINGO,2024-09-08,Domingo
MER-01,GRUPO DUNOVO,10:10,08:59,LUNES,2024-09-09,Lunes
MER-01,GRUPO DUNOVO,10:09,08:59,MARTES,2024-09-10,Martes
MER-01,GRUPO DUNOVO,09:40,09:06,MIÉRCOLES,2024-09-11,Miércoles
MER-01,GRUPO DUNOVO,10:00,09:04,JUEVES,2024-09-12,Jueves
MER-01,GRUPO DUNOVO,10:03,09:03,SÁBADO,2024-09-14,Sábado
MER-01,GRUPO DUNOVO,09:59,08:59,DOMINGO,2024-09-15,Domingo
MER-01,GRUPO DUNOVO,10:00,08:59,LUNES,2024-09-16,Lunes
MER-01,GRUPO DUNOVO,10:10,09:03,MARTES,2024-09-17,Martes
MER-01,GRUPO DUNOVO,10:14,09:01,MIÉRCOLES,2024-09-18,Miércoles
MER-01,GRUPO DUNOVO,09:57,08:59,JUEVES,2024-09-19,Jueves
MER-01,GRUPO DUNOVO,10:00,09:03,VIERNES,2024-09-20,Viernes
MER-01,GRUPO DUNOVO,10:00,09:00,SÁBADO,2024-09-21,Sábado
MER-01,GRUPO DUNOVO,11:57,07:59,DOMINGO,2024-09-22,Domingo
MER-01,GRUPO DUNOVO,08:54,09:02,LUNES,2024-09-23,Lunes
MER-01,GRUPO DUNOVO,10:00,09:00,MARTES,2024-09-24,Martes
MER-01,GRUPO DUNOVO,09:43,09:00,MIÉRCOLES,2024-09-25,Miércoles
MER-01,GRUPO DUNOVO,09:47,09:03,JUEVES,2024-09-26,Jueves
MER-01,GRUPO DUNOVO,10:15,09:03,VIERNES,2024-09-27,Viernes
MER-01,GRUPO DUNOVO,09:51,09:00,SÁBADO,2024-09-28,Sábado
MER-01,GRUPO DUNOVO,12:01,08:00,DOMINGO,2024-09-29,Domingo
MER-01,GRUPO DUNOVO,08:09,09:00,LUNES,2024-09-30,Lunes
MER-02,TODAY IMPORT,11:32,08:28,DOMINGO,2024-09-01,Domingo
MER-02,TODAY IMPORT,10:01,09:04,LUNES,2024-09-02,Lunes
MER-02,TODAY IMPORT,10:03,09:03,MARTES,2024-09-03,Martes
MER-02,TODAY IMPORT,09:58,09:05,MIÉRCOLES,2024-09-04,Miércoles
MER-02,TODAY IMPORT,09:56,09:03,JUEVES,2024-09-05,Jueves
MER-02,TODAY IMPORT,09:40,09:07,VIERNES,2024-09-06,Viernes
MER-02,TODAY IMPORT,10:02,09:04,SÁBADO,2024-09-07,Sábado
MER-02,TODAY IMPORT,11:57,08:06,DOMINGO,2024-09-08,Domingo
MER-02,TODAY IMPORT,10:00,08:59,LUNES,2024-09-09,Lunes
MER-02,TODAY IMPORT,09:57,09:03,MARTES,2024-09-10,Martes
MER-02,TODAY IMPORT,09:57,09:06,MIÉRCOLES,2024-09-11,Miércoles
MER-02,TODAY IMPORT,10:00,09:09,JUEVES,2024-09-12,Jueves
MER-02,TODAY IMPORT,10:00,09:03,SÁBADO,2024-09-14,Sábado
MER-02,TODAY IMPORT,09:57,09:05,DOMINGO,2024-09-15,Domingo
MER-02,TODAY IMPORT,09:56,09:02,LUNES,2024-09-16,Lunes
MER-02,TODAY IMPORT,09:59,09:03,MARTES,2024-09-17,Martes
MER-02,TODAY IMPORT,09:57,09:02,MIÉRCOLES,2024-09-18,Miércoles
MER-02,TODAY IMPORT,09:56,09:07,JUEVES,2024-09-19,Jueves
MER-02,TODAY IMPORT,09:59,09:03,VIERNES,2024-09-20,Viernes
MER-02,TODAY IMPORT,09:57,09:00,SÁBADO,2024-09-21,Sábado
MER-02,TODAY IMPORT,11:56,08:06,DOMINGO,2024-09-22,Domingo
MER-02,TODAY IMPORT,10:02,09:05,LUNES,2024-09-23,Lunes
MER-02,TODAY IMPORT,10:00,09:02,MARTES,2024-09-24,Martes
MER-02,TODAY IMPORT,09:53,09:00,MIÉRCOLES,2024-09-25,Miércoles
MER-02,TODAY IMPORT,09:54,09:04,JUEVES,2024-09-26,Jueves
MER-02,TODAY IMPORT,10:04,09:03,VIERNES,2024-09-27,Viernes
MER-02,TODAY IMPORT,09:58,09:02,SÁBADO,2024-09-28,Sábado
MER-02,TODAY IMPORT,12:05,08:00,DOMINGO,2024-09-29,Domingo
MER-02,TODAY IMPORT,10:03,09:02,LUNES,2024-09-30,Lunes
NG-1 / 2 / 3 / 4 / 5,SHOE BOX,11:27,08:28,DOMINGO,2024-09-01,Domingo
NG-1 / 2 / 3 / 4 / 5,SHOE BOX,09:08,09:32,LUNES,2024-09-02,Lunes
NG-1 / 2 / 3 / 4 / 5,SHOE BOX,09:17,09:35,MARTES,2024-09-03,Martes
NG-1 / 2 / 3 / 4 / 5,SHOE BOX,09:17,09:37,MIÉRCOLES,2024-09-04,Miércoles
NG-1 / 2 / 3 / 4 / 5,SHOE BOX,09:30,09:39,JUEVES,2024-09-05,Jueves
NG-1 / 2 / 3 / 4 / 5,SHOE BOX,09:21,09:39,VIERNES,2024-09-06,Viernes
NG-1 / 2 / 3 / 4 / 5,SHOE BOX,09:29,09:30,SÁBADO,2024-09-07,Sábado
NG-1 / 2 / 3 / 4 / 5,SHOE BOX,11:45,08:33,DOMINGO,2024-09-08,Domingo
NG-1 / 2 / 3 / 4 / 5,SHOE BOX,09:38,09:36,LUNES,2024-09-09,Lunes
NG-1 / 2 / 3 / 4 / 5,SHOE BOX,09:38,09:39,MARTES,2024-09-10,Martes
NG-1 / 2 / 3 / 4 / 5,SHOE BOX,09:34,09:20,MIÉRCOLES,2024-09-11,Miércoles
NG-1 / 2 / 3 / 4 / 5,SHOE BOX,09:22,11:28,JUEVES,2024-09-12,Jueves
NG-1 / 2 / 3 / 4 / 5,SHOE BOX,09:37,09:50,SÁBADO,2024-09-14,Sábado
NG-1 / 2 / 3 / 4 / 5,SHOE BOX,09:31,09:31,DOMINGO,2024-09-15,Domingo
NG-1 / 2 / 3 / 4 / 5,SHOE BOX,09:40,09:09,LUNES,2024-09-16,Lunes
NG-1 / 2 / 3 / 4 / 5,SHOE BOX,09:39,09:42,MARTES,2024-09-17,Martes
NG-1 / 2 / 3 / 4 / 5,SHOE BOX,09:40,09:31,MIÉRCOLES,2024-09-18,Miércoles
NG-1 / 2 / 3 / 4 / 5,SHOE BOX,09:33,09:48,JUEVES,2024-09-19,Jueves
NG-1 / 2 / 3 / 4 / 5,SHOE BOX,09:34,09:39,VIERNES,2024-09-20,Viernes
NG-1 / 2 / 3 / 4 / 5,SHOE BOX,09:25,09:25,SÁBADO,2024-09-21,Sábado
NG-1 / 2 / 3 / 4 / 5,SHOE BOX,11:42,08:23,DOMINGO,2024-09-22,Domingo
NG-1 / 2 / 3 / 4 / 5,SHOE BOX,09:50,09:37,LUNES,2024-09-23,Lunes
NG-1 / 2 / 3 / 4 / 5,SHOE BOX,09:31,09:20,MARTES,2024-09-24,Martes
NG-1 / 2 / 3 / 4 / 5,SHOE BOX,09:36,09:44,MIÉRCOLES,2024-09-25,Miércoles
NG-1 / 2 / 3 / 4 / 5,SHOE BOX,09:31,09:25,JUEVES,2024-09-26,Jueves
NG-1 / 2 / 3 / 4 / 5,SHOE BOX,09:35,09:40,VIERNES,2024-09-27,Viernes
NG-1 / 2 / 3 / 4 / 5,SHOE BOX,09:10,09:37,SÁBADO,2024-09-28,Sábado
NG-1 / 2 / 3 / 4 / 5,SHOE BOX,11:46,08:13,DOMINGO,2024-09-29,Domingo
NG-1 / 2 / 3 / 4 / 5,SHOE BOX,09:31,09:35,LUNES,2024-09-30,Lunes
NG-13 / 14 / 15,FMC,11:53,08:00,DOMINGO,2024-09-01,Domingo
NG-13 / 14 / 15,FMC,01:31,07:47,MIÉRCOLES,2024-09-04,Miércoles
NG-13 / 14 / 15,FMC,09:14,07:56,SÁBADO,2024-09-07,Sábado
NG-13 / 14 / 15,FMC,10:01,07:17,LUNES,2024-09-09,Lunes
NG-13 / 14 / 15,FMC,10:41,07:18,MARTES,2024-09-10,Martes
NG-13 / 14 / 15,FMC,08:41,11:17,DOMINGO,2024-09-15,Domingo
NG-13 / 14 / 15,FMC,12:02,03:19,LUNES,2024-09-16,Lunes
NG-13 / 14 / 15,FMC,09:18,09:37,JUEVES,2024-09-19,Jueves
NG-16 / 17,FULL DIVERSION ,12:01,08:01,DOMINGO,2024-09-01,Domingo
NG-16 / 17,FULL DIVERSION ,10:00,09:05,LUNES,2024-09-02,Lunes
NG-16 / 17,FULL DIVERSION ,10:12,09:00,MARTES,2024-09-03,Martes
NG-16 / 17,FULL DIVERSION ,09:42,08:57,MIÉRCOLES,2024-09-04,Miércoles
NG-16 / 17,FULL DIVERSION ,10:04,09:11,JUEVES,2024-09-05,Jueves
NG-16 / 17,FULL DIVERSION ,10:53,09:04,VIERNES,2024-09-06,Viernes
NG-16 / 17,FULL DIVERSION ,10:00,09:07,SÁBADO,2024-09-07,Sábado
NG-16 / 17,FULL DIVERSION ,12:03,08:18,DOMINGO,2024-09-08,Domingo
NG-16 / 17,FULL DIVERSION ,10:11,09:06,LUNES,2024-09-09,Lunes
NG-16 / 17,FULL DIVERSION ,10:02,09:45,MARTES,2024-09-10,Martes
NG-16 / 17,FULL DIVERSION ,10:09,09:01,MIÉRCOLES,2024-09-11,Miércoles
NG-16 / 17,FULL DIVERSION ,10:11,09:04,JUEVES,2024-09-12,Jueves
NG-16 / 17,FULL DIVERSION ,10:06,09:16,SÁBADO,2024-09-14,Sábado
NG-16 / 17,FULL DIVERSION ,09:58,09:07,DOMINGO,2024-09-15,Domingo
NG-16 / 17,FULL DIVERSION ,09:56,09:10,LUNES,2024-09-16,Lunes
NG-16 / 17,FULL DIVERSION ,10:06,09:17,MARTES,2024-09-17,Martes
NG-16 / 17,FULL DIVERSION ,09:52,09:22,MIÉRCOLES,2024-09-18,Miércoles
NG-16 / 17,FULL DIVERSION ,10:05,09:11,JUEVES,2024-09-19,Jueves
NG-16 / 17,FULL DIVERSION ,10:13,10:00,VIERNES,2024-09-20,Viernes
NG-16 / 17,FULL DIVERSION ,10:12,09:06,SÁBADO,2024-09-21,Sábado
NG-16 / 17,FULL DIVERSION ,12:08,08:13,DOMINGO,2024-09-22,Domingo
NG-16 / 17,FULL DIVERSION ,10:00,09:23,LUNES,2024-09-23,Lunes
NG-16 / 17,FULL DIVERSION ,09:04,09:00,MARTES,2024-09-24,Martes
NG-16 / 17,FULL DIVERSION ,09:58,09:01,MIÉRCOLES,2024-09-25,Miércoles
NG-16 / 17,FULL DIVERSION ,10:05,09:07,JUEVES,2024-09-26,Jueves
NG-16 / 17,FULL DIVERSION ,10:32,09:29,VIERNES,2024-09-27,Viernes
NG-16 / 17,FULL DIVERSION ,10:18,09:38,SÁBADO,2024-09-28,Sábado
NG-16 / 17,FULL DIVERSION ,11:53,07:56,DOMINGO,2024-09-29,Domingo
NG-16 / 17,FULL DIVERSION ,10:11,09:05,LUNES,2024-09-30,Lunes
NG-18,YM ACCESORIOS,10:51,08:06,DOMINGO,2024-09-01,Domingo
NG-18,YM ACCESORIOS,09:30,09:28,LUNES,2024-09-02,Lunes
NG-18,YM ACCESORIOS,09:57,09:22,MARTES,2024-09-03,Martes
NG-18,YM ACCESORIOS,09:18,00:93,MIÉRCOLES,2024-09-04,Miércoles
NG-18,YM ACCESORIOS,09:20,09:09,JUEVES,2024-09-05,Jueves
NG-18,YM ACCESORIOS,11:56,09:10,VIERNES,2024-09-06,Viernes
NG-18,YM ACCESORIOS,09:45,09:17,SÁBADO,2024-09-07,Sábado
NG-18,YM ACCESORIOS,11:19,08:29,DOMINGO,2024-09-08,Domingo
NG-18,YM ACCESORIOS,09:14,09:19,LUNES,2024-09-09,Lunes
NG-18,YM ACCESORIOS,09:39,09:05,MARTES,2024-09-10,Martes
NG-18,YM ACCESORIOS,09:09,09:26,MIÉRCOLES,2024-09-11,Miércoles
NG-18,YM ACCESORIOS,10:00,09:20,JUEVES,2024-09-12,Jueves
NG-18,YM ACCESORIOS,09:43,09:11,SÁBADO,2024-09-14,Sábado
NG-18,YM ACCESORIOS,09:29,09:13,DOMINGO,2024-09-15,Domingo
NG-18,YM ACCESORIOS,09:35,09:07,LUNES,2024-09-16,Lunes
NG-18,YM ACCESORIOS,09:31,05:24,MARTES,2024-09-17,Martes
NG-18,YM ACCESORIOS,09:44,09:14,MIÉRCOLES,2024-09-18,Miércoles
NG-18,YM ACCESORIOS,09:32,09:11,JUEVES,2024-09-19,Jueves
NG-18,YM ACCESORIOS,09:39,09:16,VIERNES,2024-09-20,Viernes
NG-18,YM ACCESORIOS,09:40,09:11,SÁBADO,2024-09-21,Sábado
NG-18,YM ACCESORIOS,11:45,08:07,DOMINGO,2024-09-22,Domingo
NG-18,YM ACCESORIOS,09:55,09:18,LUNES,2024-09-23,Lunes
NG-18,YM ACCESORIOS,09:15,09:30,MARTES,2024-09-24,Martes
NG-18,YM ACCESORIOS,08:34,09:07,MIÉRCOLES,2024-09-25,Miércoles
NG-18,YM ACCESORIOS,10:54,09:11,JUEVES,2024-09-26,Jueves
NG-18,YM ACCESORIOS,10:00,09:11,VIERNES,2024-09-27,Viernes
NG-18,YM ACCESORIOS,09:24,09:10,SÁBADO,2024-09-28,Sábado
NG-18,YM ACCESORIOS,10:57,08:18,DOMINGO,2024-09-29,Domingo
NG-18,YM ACCESORIOS,09:55,09:05,LUNES,2024-09-30,Lunes
mezznp-9,VSX,11:34,08:01,DOMINGO,2024-09-01,Domingo
mezznp-9,VSX,09:51,09:27,LUNES,2024-09-02,Lunes
mezznp-9,VSX,09:36,09:08,MARTES,2024-09-03,Martes
mezznp-9,VSX,09:16,08:59,MIÉRCOLES,2024-09-04,Miércoles
mezznp-9,VSX,09:05,09:27,JUEVES,2024-09-05,Jueves
mezznp-9,VSX,09:18,09:10,VIERNES,2024-09-06,Viernes
mezznp-9,VSX,09:15,09:11,SÁBADO,2024-09-07,Sábado
mezznp-9,VSX,11:16,08:04,DOMINGO,2024-09-08,Domingo
mezznp-9,VSX,09:15,09:05,LUNES,2024-09-09,Lunes
mezznp-9,VSX,09:16,09:03,MARTES,2024-09-10,Martes
mezznp-9,VSX,09:25,09:00,MIÉRCOLES,2024-09-11,Miércoles
mezznp-9,VSX,09:00,09:13,JUEVES,2024-09-12,Jueves
mezznp-9,VSX,09:11,09:13,SÁBADO,2024-09-14,Sábado
mezznp-9,VSX,08:59,09:22,DOMINGO,2024-09-15,Domingo
mezznp-9,VSX,08:53,09:06,LUNES,2024-09-16,Lunes
mezznp-9,VSX,08:55,09:04,MARTES,2024-09-17,Martes
mezznp-9,VSX,09:05,09:05,MIÉRCOLES,2024-09-18,Miércoles
mezznp-9,VSX,09:03,09:08,JUEVES,2024-09-19,Jueves
mezznp-9,VSX,09:03,09:04,VIERNES,2024-09-20,Viernes
mezznp-9,VSX,09:10,09:08,SÁBADO,2024-09-21,Sábado
mezznp-9,VSX,11:23,08:00,DOMINGO,2024-09-22,Domingo
mezznp-9,VSX,09:14,09:03,LUNES,2024-09-23,Lunes
mezznp-9,VSX,09:16,09:01,MARTES,2024-09-24,Martes
mezznp-9,VSX,08:54,09:01,MIÉRCOLES,2024-09-25,Miércoles
mezznp-9,VSX,09:11,09:06,JUEVES,2024-09-26,Jueves
mezznp-9,VSX,09:06,09:14,VIERNES,2024-09-27,Viernes
mezznp-9,VSX,09:03,08:59,SÁBADO,2024-09-28,Sábado
mezznp-9,VSX,10:57,08:07,DOMINGO,2024-09-29,Domingo
mezznp-9,VSX,08:55,09:00,LUNES,2024-09-30,Lunes
NP-9-A,JUMP / JADU,10:46,08:08,DOMINGO,2024-09-01,Domingo
NP-9-A,JUMP / JADU,09:36,09:19,LUNES,2024-09-02,Lunes
NP-9-A,JUMP / JADU,09:58,09:30,MARTES,2024-09-03,Martes
NP-9-A,JUMP / JADU,09:44,09:36,MIÉRCOLES,2024-09-04,Miércoles
NP-9-A,JUMP / JADU,09:30,09:06,JUEVES,2024-09-05,Jueves
NP-9-A,JUMP / JADU,09:41,09:50,VIERNES,2024-09-06,Viernes
NP-9-A,JUMP / JADU,09:38,09:16,SÁBADO,2024-09-07,Sábado
NP-9-A,JUMP / JADU,11:16,08:09,DOMINGO,2024-09-08,Domingo
NP-9-A,JUMP / JADU,09:31,09:05,LUNES,2024-09-09,Lunes
NP-9-A,JUMP / JADU,09:35,09:12,MARTES,2024-09-10,Martes
NP-9-A,JUMP / JADU,09:37,09:27,MIÉRCOLES,2024-09-11,Miércoles
NP-9-A,JUMP / JADU,09:49,09:27,JUEVES,2024-09-12,Jueves
NP-9-A,JUMP / JADU,09:37,09:44,SÁBADO,2024-09-14,Sábado
NP-9-A,JUMP / JADU,09:35,09:33,DOMINGO,2024-09-15,Domingo
NP-9-A,JUMP / JADU,09:25,09:24,LUNES,2024-09-16,Lunes
NP-9-A,JUMP / JADU,08:28,09:09,MARTES,2024-09-17,Martes
NP-9-A,JUMP / JADU,09:47,09:33,MIÉRCOLES,2024-09-18,Miércoles
NP-9-A,JUMP / JADU,08:57,10:01,JUEVES,2024-09-19,Jueves
NP-9-A,JUMP / JADU,09:32,09:59,VIERNES,2024-09-20,Viernes
NP-9-A,JUMP / JADU,09:30,09:28,SÁBADO,2024-09-21,Sábado
NP-9-A,JUMP / JADU,11:12,08:20,DOMINGO,2024-09-22,Domingo
NP-9-A,JUMP / JADU,09:30,09:18,LUNES,2024-09-23,Lunes
NP-9-A,JUMP / JADU,09:33,09:17,MARTES,2024-09-24,Martes
NP-9-A,JUMP / JADU,08:28,10:10,MIÉRCOLES,2024-09-25,Miércoles
NP-9-A,JUMP / JADU,09:42,09:30,JUEVES,2024-09-26,Jueves
NP-9-A,JUMP / JADU,08:27,09:43,VIERNES,2024-09-27,Viernes
NP-9-A,JUMP / JADU,09:42,09:27,SÁBADO,2024-09-28,Sábado
NP-9-A,JUMP / JADU,11:07,10:42,DOMINGO,2024-09-29,Domingo
NP-9-A,JUMP / JADU,09:33,09:07,LUNES,2024-09-30,Lunes
K-3,PAPA GOLFEADO,11:43,08:55,DOMINGO,2024-09-01,Domingo
K-3,PAPA GOLFEADO,10:00,09:06,LUNES,2024-09-02,Lunes
K-3,PAPA GOLFEADO,09:49,09:03,MARTES,2024-09-03,Martes
K-3,PAPA GOLFEADO,08:47,09:04,MIÉRCOLES,2024-09-04,Miércoles
K-3,PAPA GOLFEADO,09:30,09:08,JUEVES,2024-09-05,Jueves
K-3,PAPA GOLFEADO,09:24,09:14,VIERNES,2024-09-06,Viernes
K-3,PAPA GOLFEADO,08:41,09:16,SÁBADO,2024-09-07,Sábado
K-3,PAPA GOLFEADO,11:32,09:12,DOMINGO,2024-09-08,Domingo
K-3,PAPA GOLFEADO,09:34,09:08,LUNES,2024-09-09,Lunes
K-3,PAPA GOLFEADO,"0,396527777777778",09:00,MARTES,2024-09-10,Martes
K-3,PAPA GOLFEADO,09:20,09:03,MIÉRCOLES,2024-09-11,Miércoles
K-3,PAPA GOLFEADO,09:33,09:10,JUEVES,2024-09-12,Jueves
K-3,PAPA GOLFEADO,09:18,09:08,SÁBADO,2024-09-14,Sábado
K-3,PAPA GOLFEADO,09:05,08:59,DOMINGO,2024-09-15,Domingo
K-3,PAPA GOLFEADO,09:14,08:57,LUNES,2024-09-16,Lunes
K-3,PAPA GOLFEADO,08:55,09:45,MARTES,2024-09-17,Martes
K-3,PAPA GOLFEADO,09:10,09:04,MIÉRCOLES,2024-09-18,Miércoles
K-3,PAPA GOLFEADO,08:38,08:58,JUEVES,2024-09-19,Jueves
K-3,PAPA GOLFEADO,09:04,09:06,VIERNES,2024-09-20,Viernes
K-3,PAPA GOLFEADO,09:10,09:04,SÁBADO,2024-09-21,Sábado
K-3,PAPA GOLFEADO,11:11,09:01,DOMINGO,2024-09-22,Domingo
K-3,PAPA GOLFEADO,09:23,09:18,LUNES,2024-09-23,Lunes
K-3,PAPA GOLFEADO,09:29,09:16,MARTES,2024-09-24,Martes
K-3,PAPA GOLFEADO,09:03,08:58,MIÉRCOLES,2024-09-25,Miércoles
K-3,PAPA GOLFEADO,09:19,09:05,JUEVES,2024-09-26,Jueves
K-3,PAPA GOLFEADO,09:24,09:03,VIERNES,2024-09-27,Viernes
K-3,PAPA GOLFEADO,09:03,08:58,SÁBADO,2024-09-28,Sábado
K-3,PAPA GOLFEADO,11:35,08:57,DOMINGO,2024-09-29,Domingo
K-3,PAPA GOLFEADO,09:19,09:00,LUNES,2024-09-30,Lunes
SOTANO 2,VALET PARKING,06:10,10:05,DOMINGO,2024-09-01,Domingo
SOTANO 2,VALET PARKING,06:15,10:06,LUNES,2024-09-02,Lunes
SOTANO 2,VALET PARKING,06:24,10:00,MARTES,2024-09-03,Martes
SOTANO 2,VALET PARKING,06:20,10:05,MIÉRCOLES,2024-09-04,Miércoles
SOTANO 2,VALET PARKING,06:30,10:03,JUEVES,2024-09-05,Jueves
SOTANO 2,VALET PARKING,06:22,PERNOTA,VIERNES,2024-09-06,Viernes
SOTANO 2,VALET PARKING,06:39,10:09,SÁBADO,2024-09-07,Sábado
SOTANO 2,VALET PARKING,06:25,10:09,DOMINGO,2024-09-08,Domingo
SOTANO 2,VALET PARKING,06:52,10:02,LUNES,2024-09-09,Lunes
SOTANO 2,VALET PARKING,06:27,10:00,MARTES,2024-09-10,Martes
SOTANO 2,VALET PARKING,06:53,10:00,MIÉRCOLES,2024-09-11,Miércoles
SOTANO 2,VALET PARKING,06:30,PERNOTA,JUEVES,2024-09-12,Jueves
SOTANO 2,VALET PARKING,06:00,10:00,SÁBADO,2024-09-14,Sábado
SOTANO 2,VALET PARKING,06:58,PERNOTA,DOMINGO,2024-09-15,Domingo
SOTANO 2,VALET PARKING,06:41,10:04,LUNES,2024-09-16,Lunes
SOTANO 2,VALET PARKING,06:20,10:06,MARTES,2024-09-17,Martes
SOTANO 2,VALET PARKING,06:21,10:10,MIÉRCOLES,2024-09-18,Miércoles
SOTANO 2,VALET PARKING,06:31,10:06,JUEVES,2024-09-19,Jueves
SOTANO 2,VALET PARKING,06:29,PERNOTA,VIERNES,2024-09-20,Viernes
SOTANO 2,VALET PARKING,06:58,10:00,SÁBADO,2024-09-21,Sábado
SOTANO 2,VALET PARKING,06:20,10:12,DOMINGO,2024-09-22,Domingo
SOTANO 2,VALET PARKING,06:20,10:02,LUNES,2024-09-23,Lunes
SOTANO 2,VALET PARKING,07:00,10:00,MARTES,2024-09-24,Martes
SOTANO 2,VALET PARKING,07:00,10:00,MIÉRCOLES,2024-09-25,Miércoles
SOTANO 2,VALET PARKING,09:59,09:56,JUEVES,2024-09-26,Jueves
SOTANO 2,VALET PARKING,06:57,10:00,VIERNES,2024-09-27,Viernes
SOTANO 2,VALET PARKING,07:00,10:00,SÁBADO,2024-09-28,Sábado
SOTANO 2,VALET PARKING,07:04,10:00,DOMINGO,2024-09-29,Domingo
SOTANO 2,VALET PARKING,06:14,10:00,LUNES,2024-09-30,Lunes
NP-1,CACHAPAS DEL ESTE ,07:21,10:50,VIERNES,2024-09-13,Feriado
NP-2,XIC-XOC,10:40,08:00,VIERNES,2024-09-13,Feriado
NP-3,PAVITA'S,11:47,08:08,VIERNES,2024-09-13,Feriado
NP-4,OPTICOLOR ,12:05,08:15,VIERNES,2024-09-13,Feriado
NP-5,FRANCIAS BOUTIQUE,11:41,08:08,VIERNES,2024-09-13,Feriado
NP-6 / NP-7,XC2 BLUE,11:43,08:07,VIERNES,2024-09-13,Feriado
NP-8,LILI PINK ,11:47,08:26,VIERNES,2024-09-13,Feriado
NP-9,MULTIMAX,11:48,08:20,VIERNES,2024-09-13,Feriado
NP-9  A,MR. PRICE,11:15,08:17,VIERNES,2024-09-13,Feriado
NP-10,MOVISTAR,11:00,08:08,VIERNES,2024-09-13,Feriado
NP-12,RADICAL,11:43,08:19,VIERNES,2024-09-13,Feriado
MER-01,GRUPO DUNOVO,12:04,08:01,VIERNES,2024-09-13,Feriado
MER-02,TODAY IMPORT,12:05,08:01,VIERNES,2024-09-13,Feriado
NG-1 / 2 / 3 / 4 / 5,SHOE BOX,12:51,08:31,VIERNES,2024-09-13,Feriado
NG-16 / 17,FULL DIVERSION ,11:54,08:17,VIERNES,2024-09-13,Feriado
NG-18,YM ACCESORIOS,10:41,08:12,VIERNES,2024-09-13,Feriado
FC-1,BONSAI SUSHI,08:50,11:09,VIERNES,2024-09-13,Feriado
FC-2,PIZZA MIA,10:47,10:51,VIERNES,2024-09-13,Feriado
FC-3,BURGER KING,07:51,11:13,VIERNES,2024-09-13,Feriado
FC-4,CINNAROLLS,09:03,10:49,VIERNES,2024-09-13,Feriado
FC-5,KFC,09:28,11:17,VIERNES,2024-09-13,Feriado
FC-7,CHANCHOS,10:27,10:08,VIERNES,2024-09-13,Feriado
FC-8,HELADERIA ICE CREAM,12:35,09:02,VIERNES,2024-09-13,Feriado
mezznp-9,VSX,11:12,08:08,VIERNES,2024-09-13,Feriado
NP-9-A,JUMP / JADU,10:58,11:36,VIERNES,2024-09-13,Feriado
K-3,PAPA GOLFEADO,11:40,09:04,VIERNES,2024-09-13,Feriado
SOTANO 2,VALET PARKING,06:53,10:01,VIERNES,2024-09-13,Feriado
NP-1,CACHAPAS DEL ESTE ,11:00,09:48,DOMINGO,2024-09-01,Especial
NP-1,CACHAPAS DEL ESTE ,08:11,10:34,LUNES,2024-09-02,Especial
NP-1,CACHAPAS DEL ESTE ,07:30,10:01,MARTES,2024-09-03,Especial
NP-1,CACHAPAS DEL ESTE ,10:00,10:07,MIÉRCOLES,2024-09-04,Especial
NP-1,CACHAPAS DEL ESTE ,08:05,11:26,JUEVES,2024-09-05,Especial
NP-1,CACHAPAS DEL ESTE ,07:38,12:10,VIERNES,2024-09-06,Especial
NP-1,CACHAPAS DEL ESTE ,10:00,11:07,SÁBADO,2024-09-07,Especial
NP-1,CACHAPAS DEL ESTE ,08:09,10:00,DOMINGO,2024-09-08,Especial
NP-1,CACHAPAS DEL ESTE ,07:30,10:19,LUNES,2024-09-09,Especial
NP-1,CACHAPAS DEL ESTE ,10:00,11:04,MARTES,2024-09-10,Especial
NP-1,CACHAPAS DEL ESTE ,08:13,10:17,MIÉRCOLES,2024-09-11,Especial
NP-1,CACHAPAS DEL ESTE ,07:27,09:28,JUEVES,2024-09-12,Especial
NP-1,CACHAPAS DEL ESTE ,08:00,00:00,SÁBADO,2024-09-14,Especial
NP-1,CACHAPAS DEL ESTE ,10:00,00:05,DOMINGO,2024-09-15,Especial
NP-1,CACHAPAS DEL ESTE ,10:00,11:10,LUNES,2024-09-16,Especial
NP-1,CACHAPAS DEL ESTE ,08:13,10:07,MARTES,2024-09-17,Especial
NP-1,CACHAPAS DEL ESTE ,07:38,12:30,MIÉRCOLES,2024-09-18,Especial
NP-1,CACHAPAS DEL ESTE ,10:00,11:46,JUEVES,2024-09-19,Especial
NP-1,CACHAPAS DEL ESTE ,09:57,00:00,VIERNES,2024-09-20,Especial
NP-1,CACHAPAS DEL ESTE ,07:33,11:49,SÁBADO,2024-09-21,Especial
NP-1,CACHAPAS DEL ESTE ,07:20,10:40,DOMINGO,2024-09-22,Especial
NP-1,CACHAPAS DEL ESTE ,08:07,10:16,LUNES,2024-09-23,Especial
NP-1,CACHAPAS DEL ESTE ,09:38,10:00,MARTES,2024-09-24,Especial
NP-1,CACHAPAS DEL ESTE ,10:00,10:30,MIÉRCOLES,2024-09-25,Especial
NP-1,CACHAPAS DEL ESTE ,08:11,11:42,JUEVES,2024-09-26,Especial
NP-1,CACHAPAS DEL ESTE ,07:27,10:29,VIERNES,2024-09-27,Especial
NP-1,CACHAPAS DEL ESTE ,10:00,11:25,SÁBADO,2024-09-28,Especial
NP-1,CACHAPAS DEL ESTE ,08:04,09:41,DOMINGO,2024-09-29,Especial
NP-1,CACHAPAS DEL ESTE ,07:38,10:39,LUNES,2024-09-30,Especial
FC-1,BONSAI SUSHI,07:31,10:31,DOMINGO,2024-09-01,Especial
FC-1,BONSAI SUSHI,07:50,10:27,LUNES,2024-09-02,Especial
FC-1,BONSAI SUSHI,08:35,10:45,MARTES,2024-09-03,Especial
FC-1,BONSAI SUSHI,09:05,10:27,MIÉRCOLES,2024-09-04,Especial
FC-1,BONSAI SUSHI,09:10,10:26,JUEVES,2024-09-05,Especial
FC-1,BONSAI SUSHI,08:53,10:40,VIERNES,2024-09-06,Especial
FC-1,BONSAI SUSHI,08:49,10:37,SÁBADO,2024-09-07,Especial
FC-1,BONSAI SUSHI,07:47,11:07,DOMINGO,2024-09-08,Especial
FC-1,BONSAI SUSHI,08:28,10:25,LUNES,2024-09-09,Especial
FC-1,BONSAI SUSHI,08:55,10:45,MARTES,2024-09-10,Especial
FC-1,BONSAI SUSHI,08:19,11:00,MIÉRCOLES,2024-09-11,Especial
FC-1,BONSAI SUSHI,09:04,10:39,JUEVES,2024-09-12,Especial
FC-1,BONSAI SUSHI,08:50,10:54,SÁBADO,2024-09-14,Especial
FC-1,BONSAI SUSHI,09:02,10:36,DOMINGO,2024-09-15,Especial
FC-1,BONSAI SUSHI,08:31,10:28,LUNES,2024-09-16,Especial
FC-1,BONSAI SUSHI,09:02,10:52,MARTES,2024-09-17,Especial
FC-1,BONSAI SUSHI,08:30,10:50,MIÉRCOLES,2024-09-18,Especial
FC-1,BONSAI SUSHI,08:40,10:41,JUEVES,2024-09-19,Especial
FC-1,BONSAI SUSHI,09:32,10:53,VIERNES,2024-09-20,Especial
FC-1,BONSAI SUSHI,08:47,10:40,SÁBADO,2024-09-21,Especial
FC-1,BONSAI SUSHI,08:53,11:01,DOMINGO,2024-09-22,Especial
FC-1,BONSAI SUSHI,08:57,10:36,LUNES,2024-09-23,Especial
FC-1,BONSAI SUSHI,9+10,11:10,MARTES,2024-09-24,Especial
FC-1,BONSAI SUSHI,08:37,11:00,MIÉRCOLES,2024-09-25,Especial
FC-1,BONSAI SUSHI,06:00,10:55,JUEVES,2024-09-26,Especial
FC-1,BONSAI SUSHI,09:24,11:02,VIERNES,2024-09-27,Especial
FC-1,BONSAI SUSHI,08:50,11:03,SÁBADO,2024-09-28,Especial
FC-1,BONSAI SUSHI,10:03,10:54,DOMINGO,2024-09-29,Especial
FC-1,BONSAI SUSHI,09:00,11:17,LUNES,2024-09-30,Especial
FC-2,PIZZA MIA,07:28,10:32,DOMINGO,2024-09-01,Especial
FC-2,PIZZA MIA,10:01,10:24,LUNES,2024-09-02,Especial
FC-2,PIZZA MIA,10:03,11:21,MARTES,2024-09-03,Especial
FC-2,PIZZA MIA,10:09,10:15,MIÉRCOLES,2024-09-04,Especial
FC-2,PIZZA MIA,09:52,11:27,JUEVES,2024-09-05,Especial
FC-2,PIZZA MIA,10:08,11:17,VIERNES,2024-09-06,Especial
FC-2,PIZZA MIA,09:46,10:36,SÁBADO,2024-09-07,Especial
FC-2,PIZZA MIA,09:34,10:35,DOMINGO,2024-09-08,Especial
FC-2,PIZZA MIA,10:14,10:28,LUNES,2024-09-09,Especial
FC-2,PIZZA MIA,10:32,11:04,MARTES,2024-09-10,Especial
FC-2,PIZZA MIA,10:15,10:30,MIÉRCOLES,2024-09-11,Especial
FC-2,PIZZA MIA,10:11,10:19,JUEVES,2024-09-12,Especial
FC-2,PIZZA MIA,09:56,10:54,SÁBADO,2024-09-14,Especial
FC-2,PIZZA MIA,09:17,10:31,DOMINGO,2024-09-15,Especial
FC-2,PIZZA MIA,09:54,10:50,LUNES,2024-09-16,Especial
FC-2,PIZZA MIA,10:02,11:25,MARTES,2024-09-17,Especial
FC-2,PIZZA MIA,09:57,10:47,MIÉRCOLES,2024-09-18,Especial
FC-2,PIZZA MIA,10:00,10:54,JUEVES,2024-09-19,Especial
FC-2,PIZZA MIA,09:59,10:59,VIERNES,2024-09-20,Especial
FC-2,PIZZA MIA,08:30,11:10,SÁBADO,2024-09-21,Especial
FC-2,PIZZA MIA,08:57,11:22,DOMINGO,2024-09-22,Especial
FC-2,PIZZA MIA,09:46,10:30,LUNES,2024-09-23,Especial
FC-2,PIZZA MIA,09:52,10:16,MARTES,2024-09-24,Especial
FC-2,PIZZA MIA,10:37,10:23,MIÉRCOLES,2024-09-25,Especial
FC-2,PIZZA MIA,10:02,10:44,JUEVES,2024-09-26,Especial
FC-2,PIZZA MIA,09:54,11:09,VIERNES,2024-09-27,Especial
FC-2,PIZZA MIA,09:49,11:03,SÁBADO,2024-09-28,Especial
FC-2,PIZZA MIA,09:59,11:11,DOMINGO,2024-09-29,Especial
FC-2,PIZZA MIA,09:44,11:35,LUNES,2024-09-30,Especial
FC-3,BURGER KING,07:56,11:33,DOMINGO,2024-09-01,Especial
FC-3,BURGER KING,07:53,11:25,LUNES,2024-09-02,Especial
FC-3,BURGER KING,08:02,11:27,MARTES,2024-09-03,Especial
FC-3,BURGER KING,07:49,11:12,MIÉRCOLES,2024-09-04,Especial
FC-3,BURGER KING,07:51,11:26,JUEVES,2024-09-05,Especial
FC-3,BURGER KING,07:30,11:21,VIERNES,2024-09-06,Especial
FC-3,BURGER KING,08:00,11:38,SÁBADO,2024-09-07,Especial
FC-3,BURGER KING,07:53,11:35,DOMINGO,2024-09-08,Especial
FC-3,BURGER KING,08:09,11:26,LUNES,2024-09-09,Especial
FC-3,BURGER KING,08:09,11:33,MARTES,2024-09-10,Especial
FC-3,BURGER KING,08:27,11:59,MIÉRCOLES,2024-09-11,Especial
FC-3,BURGER KING,08:06,11:32,JUEVES,2024-09-12,Especial
FC-3,BURGER KING,07:41,11:35,SÁBADO,2024-09-14,Especial
FC-3,BURGER KING,08:00,11:30,DOMINGO,2024-09-15,Especial
FC-3,BURGER KING,07:40,11:17,LUNES,2024-09-16,Especial
FC-3,BURGER KING,07:54,11:18,MARTES,2024-09-17,Especial
FC-3,BURGER KING,07:45,11:38,MIÉRCOLES,2024-09-18,Especial
FC-3,BURGER KING,08:03,11:29,JUEVES,2024-09-19,Especial
FC-3,BURGER KING,07:31,00:12,VIERNES,2024-09-20,Especial
FC-3,BURGER KING,07:47,11:56,SÁBADO,2024-09-21,Especial
FC-3,BURGER KING,07:55,11:29,DOMINGO,2024-09-22,Especial
FC-3,BURGER KING,08:06,11:40,LUNES,2024-09-23,Especial
FC-3,BURGER KING,09:40,11:47,MARTES,2024-09-24,Especial
FC-3,BURGER KING,07:57,11:46,MIÉRCOLES,2024-09-25,Especial
FC-3,BURGER KING,08:04,11:36,JUEVES,2024-09-26,Especial
FC-3,BURGER KING,07:57,11:33,VIERNES,2024-09-27,Especial
FC-3,BURGER KING,07:43,11:41,SÁBADO,2024-09-28,Especial
FC-3,BURGER KING,07:35,11:34,DOMINGO,2024-09-29,Especial
FC-3,BURGER KING,07:35,12:21,LUNES,2024-09-30,Especial
FC-4,CINNAROLLS,10:30,10:41,DOMINGO,2024-09-01,Especial
FC-4,CINNAROLLS,08:04,11:11,LUNES,2024-09-02,Especial
FC-4,CINNAROLLS,08:17,11:46,MARTES,2024-09-03,Especial
FC-4,CINNAROLLS,08:22,11:19,MIÉRCOLES,2024-09-04,Especial
FC-4,CINNAROLLS,08:12,10:57,JUEVES,2024-09-05,Especial
FC-4,CINNAROLLS,07:45,10:06,VIERNES,2024-09-06,Especial
FC-4,CINNAROLLS,08:01,10:55,SÁBADO,2024-09-07,Especial
FC-4,CINNAROLLS,09:34,11:02,DOMINGO,2024-09-08,Especial
FC-4,CINNAROLLS,08:00,10:32,LUNES,2024-09-09,Especial
FC-4,CINNAROLLS,08:00,10:51,MARTES,2024-09-10,Especial
FC-4,CINNAROLLS,08:17,10:45,MIÉRCOLES,2024-09-11,Especial
FC-4,CINNAROLLS,08:24,10:44,JUEVES,2024-09-12,Especial
FC-4,CINNAROLLS,07:41,11:00,SÁBADO,2024-09-14,Especial
FC-4,CINNAROLLS,08:01,10:432,DOMINGO,2024-09-15,Especial
FC-4,CINNAROLLS,08:05,11:00,LUNES,2024-09-16,Especial
FC-4,CINNAROLLS,08:09,00:16,MARTES,2024-09-17,Especial
FC-4,CINNAROLLS,07:59,10:48,MIÉRCOLES,2024-09-18,Especial
FC-4,CINNAROLLS,08:27,10:48,JUEVES,2024-09-19,Especial
FC-4,CINNAROLLS,08:03,10:43,VIERNES,2024-09-20,Especial
FC-4,CINNAROLLS,07:58,10:48,SÁBADO,2024-09-21,Especial
FC-4,CINNAROLLS,09:02,11:47,DOMINGO,2024-09-22,Especial
FC-4,CINNAROLLS,08:32,11:08,LUNES,2024-09-23,Especial
FC-4,CINNAROLLS,08:28,11:46,MARTES,2024-09-24,Especial
FC-4,CINNAROLLS,08:03,11:01,MIÉRCOLES,2024-09-25,Especial
FC-4,CINNAROLLS,08:12,11:10,JUEVES,2024-09-26,Especial
FC-4,CINNAROLLS,07:53,11:11,VIERNES,2024-09-27,Especial
FC-4,CINNAROLLS,08:03,10:33,SÁBADO,2024-09-28,Especial
FC-4,CINNAROLLS,09:08,11:38,DOMINGO,2024-09-29,Especial
FC-4,CINNAROLLS,07:38,11:15,LUNES,2024-09-30,Especial
FC-5,KFC,08:28,11:56,DOMINGO,2024-09-01,Especial
FC-5,KFC,09:05,11:31,LUNES,2024-09-02,Especial
FC-5,KFC,08:24,12:23,MARTES,2024-09-03,Especial
FC-5,KFC,08:35,11:36,MIÉRCOLES,2024-09-04,Especial
FC-5,KFC,08:23,11:29,JUEVES,2024-09-05,Especial
FC-5,KFC,08:33,10:44,VIERNES,2024-09-06,Especial
FC-5,KFC,08:23,11:04,SÁBADO,2024-09-07,Especial
FC-5,KFC,08:20,10:53,DOMINGO,2024-09-08,Especial
FC-5,KFC,08:32,11:43,LUNES,2024-09-09,Especial
FC-5,KFC,07:49,01:46,MARTES,2024-09-10,Especial
FC-5,KFC,08:04,00:55,MIÉRCOLES,2024-09-11,Especial
FC-5,KFC,08:20,11:59,JUEVES,2024-09-12,Especial
FC-5,KFC,08:14,11:00,SÁBADO,2024-09-14,Especial
FC-5,KFC,08:18,11:44,DOMINGO,2024-09-15,Especial
FC-5,KFC,08:34,11:36,LUNES,2024-09-16,Especial
FC-5,KFC,07:23,01:07,MARTES,2024-09-17,Especial
FC-5,KFC,08:11,11:59,MIÉRCOLES,2024-09-18,Especial
FC-5,KFC,07:46,PERNOTA,JUEVES,2024-09-19,Especial
FC-5,KFC,07:45,00:05,VIERNES,2024-09-20,Especial
FC-5,KFC,08:31,11:52,SÁBADO,2024-09-21,Especial
FC-5,KFC,09:16,11:25,DOMINGO,2024-09-22,Especial
FC-5,KFC,08:24,00:13,LUNES,2024-09-23,Especial
FC-5,KFC,08:15,12:21,MARTES,2024-09-24,Especial
FC-5,KFC,07:43,00:43,MIÉRCOLES,2024-09-25,Especial
FC-5,KFC,08:48,11:42,JUEVES,2024-09-26,Especial
FC-5,KFC,09:17,11:53,VIERNES,2024-09-27,Especial
FC-5,KFC,07:47,11:53,SÁBADO,2024-09-28,Especial
FC-5,KFC,07:52,11:36,DOMINGO,2024-09-29,Especial
FC-5,KFC,08:30,12:00,LUNES,2024-09-30,Especial
FC-7,CHANCHOS,09:35,10:31,DOMINGO,2024-09-01,Especial
FC-7,CHANCHOS,09:52,10:28,LUNES,2024-09-02,Especial
FC-7,CHANCHOS,09:53,10:11,MARTES,2024-09-03,Especial
FC-7,CHANCHOS,10:03,10:11,MIÉRCOLES,2024-09-04,Especial
FC-7,CHANCHOS,10:08,10:13,JUEVES,2024-09-05,Especial
FC-7,CHANCHOS,10:05,10:04,VIERNES,2024-09-06,Especial
FC-7,CHANCHOS,10:17,10:11,SÁBADO,2024-09-07,Especial
FC-7,CHANCHOS,09:42,11:24,DOMINGO,2024-09-08,Especial
FC-7,CHANCHOS,10:00,10:30,LUNES,2024-09-09,Especial
FC-7,CHANCHOS,10:05,10:43,MARTES,2024-09-10,Especial
FC-7,CHANCHOS,10:04,10:17,MIÉRCOLES,2024-09-11,Especial
FC-7,CHANCHOS,10:07,10:14,JUEVES,2024-09-12,Especial
FC-7,CHANCHOS,09:58,10:56,SÁBADO,2024-09-14,Especial
FC-7,CHANCHOS,09:59,10:15,DOMINGO,2024-09-15,Especial
FC-7,CHANCHOS,09:58,10:24,LUNES,2024-09-16,Especial
FC-7,CHANCHOS,10:02,22:31,MARTES,2024-09-17,Especial
FC-7,CHANCHOS,10:04,10:31,MIÉRCOLES,2024-09-18,Especial
FC-7,CHANCHOS,09:45,10:05,JUEVES,2024-09-19,Especial
FC-7,CHANCHOS,08:18,10:12,VIERNES,2024-09-20,Especial
FC-7,CHANCHOS,09:58,10:10,SÁBADO,2024-09-21,Especial
FC-7,CHANCHOS,09:53,10:07,DOMINGO,2024-09-22,Especial
FC-7,CHANCHOS,09:58,10:06,LUNES,2024-09-23,Especial
FC-7,CHANCHOS,09:59,10:17,MARTES,2024-09-24,Especial
FC-7,CHANCHOS,10:09,10:55,MIÉRCOLES,2024-09-25,Especial
FC-7,CHANCHOS,09:59,10:20,JUEVES,2024-09-26,Especial
FC-7,CHANCHOS,09:59,10:20,VIERNES,2024-09-27,Especial
FC-7,CHANCHOS,10:08,10:15,SÁBADO,2024-09-28,Especial
FC-7,CHANCHOS,11:32,10:16,DOMINGO,2024-09-29,Especial
FC-7,CHANCHOS,09:59,22:20,LUNES,2024-09-30,Especial
FC-8,HELADERIA ICE CREAM,12:07,10:27,DOMINGO,2024-09-01,Especial
FC-8,HELADERIA ICE CREAM,09:17,10:28,LUNES,2024-09-02,Especial
FC-8,HELADERIA ICE CREAM,09:18,10:17,MARTES,2024-09-03,Especial
FC-8,HELADERIA ICE CREAM,09:12,10:02,MIÉRCOLES,2024-09-04,Especial
FC-8,HELADERIA ICE CREAM,09:14,10:15,JUEVES,2024-09-05,Especial
FC-8,HELADERIA ICE CREAM,09:11,10:04,VIERNES,2024-09-06,Especial
FC-8,HELADERIA ICE CREAM,08:52,10:10,SÁBADO,2024-09-07,Especial
FC-8,HELADERIA ICE CREAM,11:33,10:08,DOMINGO,2024-09-08,Especial
FC-8,HELADERIA ICE CREAM,09:30,10:22,LUNES,2024-09-09,Especial
FC-8,HELADERIA ICE CREAM,09:06,11:04,MARTES,2024-09-10,Especial
FC-8,HELADERIA ICE CREAM,09:16,10:18,MIÉRCOLES,2024-09-11,Especial
FC-8,HELADERIA ICE CREAM,09:04,10:19,JUEVES,2024-09-12,Especial
FC-8,HELADERIA ICE CREAM,10:00,10:17,SÁBADO,2024-09-14,Especial
FC-8,HELADERIA ICE CREAM,09:01,10:13,DOMINGO,2024-09-15,Especial
FC-8,HELADERIA ICE CREAM,08:56,10:00,LUNES,2024-09-16,Especial
FC-8,HELADERIA ICE CREAM,09:21,10:05,MARTES,2024-09-17,Especial
FC-8,HELADERIA ICE CREAM,08:59,10:25,MIÉRCOLES,2024-09-18,Especial
FC-8,HELADERIA ICE CREAM,07:41,10:01,JUEVES,2024-09-19,Especial
FC-8,HELADERIA ICE CREAM,09:03,10:22,VIERNES,2024-09-20,Especial
FC-8,HELADERIA ICE CREAM,09:30,10:09,SÁBADO,2024-09-21,Especial
FC-8,HELADERIA ICE CREAM,12:22,10:34,DOMINGO,2024-09-22,Especial
FC-8,HELADERIA ICE CREAM,09:23,10:08,LUNES,2024-09-23,Especial
FC-8,HELADERIA ICE CREAM,09:27,10:10,MARTES,2024-09-24,Especial
FC-8,HELADERIA ICE CREAM,08:59,09:58,MIÉRCOLES,2024-09-25,Especial
FC-8,HELADERIA ICE CREAM,09:14,10:26,JUEVES,2024-09-26,Especial
FC-8,HELADERIA ICE CREAM,09:20,10:10,VIERNES,2024-09-27,Especial
FC-8,HELADERIA ICE CREAM,09:07,09:50,SÁBADO,2024-09-28,Especial
FC-8,HELADERIA ICE CREAM,12:23,10:03,DOMINGO,2024-09-29,Especial
FC-8,HELADERIA ICE CREAM,10:05,22:10,LUNES,2024-09-30,Especial
